{
  "type": "autoencoder_knn",
  "k": 10,
  "latent_dim": 8,
  "epochs": 200,
  "input_dim": 29,
  "scaler_mean": [
    26.193530701754387,
    65.02439692982456,
    37.208333333333336,
    1677.9122807017543,
    14.955016447368422,
    0.5498251096491228,
    0.3027261513157895,
    0.2692793311403509,
    4.980948464912281,
    15.182894736842105,
    10.083881578947368,
    14.550109649122808,
    1.5815789473684212,
    1.706222587719298,
    12.613185307017543,
    19.67831688596491,
    2.059731359649123,
    1.732373903508772,
    3.7914747807017544,
    0.1023294956140351,
    -0.048190789473684215,
    0.029605263157894728,
    -0.019106359649122818,
    1.0266995614035088,
    0.18859649122807018,
    0.20175438596491227,
    0.2012061403508772,
    0.1825657894736842,
    0.22587719298245615
  ],
  "scaler_scale": [
    4.022257405911297,
    13.607846000461326,
    28.265141429492967,
    629.4427176869905,
    4.291888775944731,
    0.047930723776991126,
    0.20970884645388937,
    0.1285408094048243,
    3.7842574823232593,
    6.0594263919488265,
    4.6116608326176,
    9.462146421412942,
    0.5823853760384556,
    1.517750306972249,
    3.6190996970209452,
    5.159580991209117,
    2.1076728129869426,
    1.0703933633489275,
    2.8093625222036103,
    0.053975257149871156,
    2.286073401091558,
    1.1344416944990665,
    2.600420548748662,
    1.442754456896441,
    0.3911877486892076,
    0.4013097976736096,
    0.4009017703078652,
    0.3863101370499286,
    0.4181586859947099
  ],
  "n_train": 3648,
  "target_shape": [
    3648
  ],
  "feature_names": [
    "Age",
    "G",
    "GS",
    "MP",
    "PER",
    "TS%",
    "3PAr",
    "FTr",
    "ORB%",
    "DRB%",
    "TRB%",
    "AST%",
    "STL%",
    "BLK%",
    "TOV%",
    "USG%",
    "OWS",
    "DWS",
    "WS",
    "WS/48",
    "OBPM",
    "DBPM",
    "BPM",
    "VORP",
    "Pos_C",
    "Pos_PF",
    "Pos_PG",
    "Pos_SF",
    "Pos_SG"
  ]
}