{
  "type": "autoencoder_knn",
  "k": 10,
  "latent_dim": 8,
  "epochs": 200,
  "input_dim": 29,
  "scaler_mean": [
    26.237202380952382,
    65.20625,
    37.20267857142857,
    1681.33125,
    14.932886904761904,
    0.5480845238095238,
    0.2945973214285714,
    0.2708181547619048,
    5.009494047619048,
    15.164017857142857,
    10.088690476190477,
    14.470119047619047,
    1.5830654761904763,
    1.6970238095238095,
    12.695595238095239,
    19.658452380952383,
    2.0628869047619047,
    1.7366369047619046,
    3.79860119047619,
    0.10210565476190478,
    -0.061517857142857145,
    0.02491071428571429,
    -0.037529761904761906,
    1.0244940476190476,
    0.18958333333333333,
    0.20208333333333334,
    0.20238095238095238,
    0.18244047619047618,
    0.22351190476190477
  ],
  "scaler_scale": [
    4.016333827189032,
    13.68717322669294,
    28.38584581838729,
    633.8151723601399,
    4.2927955980611605,
    0.047551995336552674,
    0.20910282286124102,
    0.1294534204386341,
    3.8021331395256075,
    6.068717105715584,
    4.6297308570754865,
    9.496909270921428,
    0.5832958556656116,
    1.521779409396013,
    3.6199108286802275,
    5.12011730102972,
    2.1222588761057093,
    1.081885478962732,
    2.828851326783753,
    0.053987800354073384,
    2.2879247106983174,
    1.1304504176610162,
    2.5945396816831523,
    1.4455920417445045,
    0.39197129111142254,
    0.40155405579102577,
    0.40177469120681447,
    0.3862071320391021,
    0.416598527591745
  ],
  "n_train": 3360,
  "target_shape": [
    3360
  ],
  "feature_names": [
    "Age",
    "G",
    "GS",
    "MP",
    "PER",
    "TS%",
    "3PAr",
    "FTr",
    "ORB%",
    "DRB%",
    "TRB%",
    "AST%",
    "STL%",
    "BLK%",
    "TOV%",
    "USG%",
    "OWS",
    "DWS",
    "WS",
    "WS/48",
    "OBPM",
    "DBPM",
    "BPM",
    "VORP",
    "Pos_C",
    "Pos_PF",
    "Pos_PG",
    "Pos_SF",
    "Pos_SG"
  ]
}